{"cameraMode":{"drawMode":0,"name":"Shaded","section":"Shading Mode"},"sceneLighting":false,"audioPlay":false,"sceneViewState":{"m_AlwaysRefresh":false,"showFog":true,"showSkybox":true,"showFlares":true,"showImageEffects":true,"showParticleSystems":true,"showVisualEffectGraphs":true,"m_FxEnabled":true},"in2DMode":false,"pivot":{"x":-6.087648391723633,"y":19.926372528076173,"z":-24.409881591796876},"rotation":{"x":0.49155840277671816,"y":0.007838272489607335,"z":-0.004422142170369625,"w":0.8708035349845886},"size":28.155506134033204,"orthographic":false}