{"cameraMode":{"drawMode":0,"name":"Shaded","section":"Shading Mode"},"sceneLighting":false,"audioPlay":false,"sceneViewState":{"m_AlwaysRefresh":false,"showFog":true,"showSkybox":true,"showFlares":true,"showImageEffects":true,"showParticleSystems":true,"showVisualEffectGraphs":true,"m_FxEnabled":true},"in2DMode":false,"pivot":{"x":10.221022605895996,"y":17.44049072265625,"z":-37.552677154541019},"rotation":{"x":0.319192498922348,"y":-0.011372486129403115,"z":0.0038283008616417648,"w":0.9476210474967957},"size":12.12435531616211,"orthographic":false}